bleu_dialog_prototype,chrf_dialog_prototype,comet_dialog_prototype,bertscore_dialog_prototype
0.11114288194760293,0.4274316114674326,0.8220423882231116,0.825299540668726
