bleu_dialog_prototype,chrf_dialog_prototype,comet_dialog_prototype,bertscore_dialog_prototype
0.11908291370354941,0.4261804244365446,0.8214788501486182,0.8257149432301522
