bleu_default,chrf_default,comet_default,bertscore_default,bleu_dialog,chrf_dialog,comet_dialog,bertscore_dialog,bleu_dialog2,chrf_dialog2,comet_dialog2,bertscore_dialog2,bleu_dialog3,chrf_dialog3,comet_dialog3,bertscore_dialog3,bleu_dialog4,chrf_dialog4,comet_dialog4,bertscore_dialog4
0.0951846018828238,0.4248261744122601,0.8192720407247543,0.824539767742157,0.1008557715247769,0.4217502358371377,0.8153114211559296,0.8189141466021538,0.09658700574335165,0.42280559024186276,0.811589013159275,0.8091956934332848,0.08107420991806766,0.39368332321917116,0.7860156431794166,0.8000976386666298,0.0767027673944599,0.3810638651086358,0.7608256384730339,0.789983893275261
