bleu_dialog_extracted,chrf_dialog_extracted,comet_dialog_extracted,bertscore_dialog_extracted
0.10072557968466919,0.41631075097501413,0.8209925375580788,0.8202278172969818
