bleu_dialog_prototype,chrf_dialog_prototype,comet_dialog_prototype,bertscore_dialog_prototype
0.10192056754784261,0.41103355797469604,0.8028294279128313,0.8143948473334313
