bleu_dialog_prototype,chrf_dialog_prototype,comet_dialog_prototype,bertscore_dialog_prototype
0.10478866726679321,0.40603704107724964,0.8001308566927909,0.8139984879791736
