bleu_dialog_prototype1,chrf_dialog_prototype1,comet_dialog_prototype1,bertscore_dialog_prototype1,bleu_dialog_prototype2,chrf_dialog_prototype2,comet_dialog_prototype2,bertscore_dialog_prototype2,bleu_default,chrf_default,comet_default,bertscore_default
0.10221723400938118,0.4063436358713306,0.8032899821996689,0.8137981183528901,0.06519474116398112,0.32191339051621815,0.7172873082980513,0.7675125749707222,0.11263015077093799,0.4253008889091495,0.8207867221087217,0.8265743643641472
