bleu_cot,chrf_cot,comet_cot,bertscore_cot,bleu_cot_few_shot,chrf_cot_few_shot,comet_cot_few_shot,bertscore_cot_few_shot
0.3273753065373977,0.7385090107677613,0.9423459393282732,0.9063499495387077,0.299170078656565,0.6652009771225008,0.9024682660897573,0.8830875441431999
