bleu_few_shot,chrf_few_shot,comet_few_shot,bertscore_few_shot
0.4749484614304577,0.7545108514945398,0.9238988494873047,0.9226195720831553
