bleu_prompt6_random,chrf_prompt6_random,comet_prompt6_random,bertscore_prompt6_random,bleu_prompt6_chosen,chrf_prompt6_chosen,comet_prompt6_chosen,bertscore_prompt6_chosen,bleu_prompt7_random,chrf_prompt7_random,comet_prompt7_random,bertscore_prompt7_random,bleu_prompt7_chosen,chrf_prompt7_chosen,comet_prompt7_chosen,bertscore_prompt7_chosen
0.43046343376002644,0.7894058403672337,0.9502901380260785,0.9300872499744097,0.5102941454215035,0.809562979931673,0.9589853564898173,0.938181971013546,0.432631214086946,0.7782257983347454,0.9575643166899681,0.9310953179995219,0.4935687478524565,0.8083004558444362,0.9624123439192772,0.9401920169591904
