bleu_no_context,chrf_no_context,comet_no_context,bertscore_no_context,bleu_prompt1,chrf_prompt1,comet_prompt1,bertscore_prompt1,bleu_prompt2,chrf_prompt2,comet_prompt2,bertscore_prompt2,bleu_prompt3,chrf_prompt3,comet_prompt3,bertscore_prompt3,bleu_prompt4,chrf_prompt4,comet_prompt4,bertscore_prompt4,bleu_prompt5,chrf_prompt5,comet_prompt5,bertscore_prompt5
0.3088479673175328,0.7178651372680335,0.9606491790877448,0.9287374317646027,0.3088479673175328,0.7178651372680335,0.9606491790877448,0.9287374317646027,0.5023010706214579,0.8151163017676852,0.9762775931093428,0.9479011959499783,0.5622401598660723,0.8196856658650737,0.9784548812442355,0.9492248197396597,0.03313625953852116,0.4557345152418228,0.7118145260545943,0.6806861990027957,0.6222721839086086,0.8395647061256303,0.9794282780753242,0.9561286634869046
