bleu_no_context,chrf_no_context,comet_no_context,bertscore_no_context,bleu_with_context,chrf_with_context,comet_with_context,bertscore_with_context,bleu_with_context_two_steps,chrf_with_context_two_steps,comet_with_context_two_steps,bertscore_with_context_two_steps
0.45739160388632,0.7416821309364159,0.9267231678962707,0.9215085371335348,0.44242735493662094,0.7326765359745577,0.9290435592333476,0.9189232329527537,0.4300058069422203,0.7329965327654067,0.9214899424711863,0.9137778910001119
