bleu_dialog,chrf_dialog,comet_dialog,bertscore_dialog,bleu_default,chrf_default,comet_default,bertscore_default,bleu_google,chrf_google,comet_google,bertscore_google
0.10930713552371123,0.4193511895432347,0.8183117715954781,0.8228898141026497,0.1048767443594347,0.42159913587116254,0.8165737414479256,0.8241187203228474,0.12302866280075592,0.42868357937791124,0.8280160954117775,0.8239486742258072
